prefix,vendor
00:00:0C,Cisco
00:01:42,Cisco
00:1A:A1,Cisco
00:1B:D4,Cisco
00:22:BD,Cisco
00:3A:98,Cisco
F0:9E:63,Cisco
00:18:0A,Cisco Meraki
88:15:44,Cisco Meraki
E0:55:3D,Cisco Meraki
0C:8D:DB,Cisco Meraki
00:0B:86,Aruba (HPE)
00:1A:1E,Aruba (HPE)
00:24:6C,Aruba (HPE)
24:DE:C6,Aruba (HPE)
6C:F3:7F,Aruba (HPE)
94:B4:0F,Aruba (HPE)
D8:C7:C8,Aruba (HPE)
00:15:6D,Ubiquiti
00:27:22,Ubiquiti
04:18:D6,Ubiquiti
24:A4:3C,Ubiquiti
44:D9:E7,Ubiquiti
68:72:51,Ubiquiti
74:83:C2,Ubiquiti
78:8A:20,Ubiquiti
80:2A:A8,Ubiquiti
DC:9F:DB,Ubiquiti
F0:9F:C2,Ubiquiti
FC:EC:DA,Ubiquiti
4C:5E:0C,MikroTik
6C:3B:6B,MikroTik
D4:CA:6D,MikroTik
E4:8D:8C,MikroTik
48:8F:5A,MikroTik
B8:69:F4,MikroTik
14:CC:20,TP-Link
50:C7:BF,TP-Link
98:DA:C4,TP-Link
C0:4A:00,TP-Link
F4:F2:6D,TP-Link
EC:08:6B,TP-Link
00:24:82,Ruckus
2C:5D:93,Ruckus
58:B6:33,Ruckus
84:18:3A,Ruckus
8C:0C:90,Ruckus
00:09:5B,Netgear
00:14:6C,Netgear
20:4E:7F,Netgear
A0:40:A0,Netgear
00:0C:6E,ASUS
04:D9:F5,ASUS
2C:56:DC,ASUS
00:05:5D,D-Link
1C:7E:E5,D-Link
28:10:7B,D-Link
00:A0:C5,Zyxel
5C:5B:35,Juniper Mist
00:0F:E2,H3C
00:E0:FC,Huawei
00:03:93,Apple
00:17:F2,Apple
00:1B:63,Apple
00:1E:52,Apple
00:23:12,Apple
00:26:BB,Apple
00:50:F2,Microsoft
00:1D:D8,Microsoft
B8:27:EB,Raspberry Pi
DC:A6:32,Raspberry Pi
00:1A:11,Google
F4:F5:D8,Google
24:0A:C4,Espressif
30:AE:A4,Espressif
84:CC:A8,Espressif
A4:CF:12,Espressif
00:1F:3B,Intel
00:15:00,Intel
00:90:4C,Epigram (Broadcom)
00:10:18,Broadcom
